,llm_y_pred,target
3410,0.0,0
9537,0.0,0
2430,0.0,0
12645,0.0,0
10969,0.0,0
13193,0.0,0
19682,0.0,0
771,1.0,1
968,0.0,0
13081,0.0,0
13337,0.0,0
21292,0.0,0
15807,0.0,0
783,1.0,1
6973,0.0,0
154,1.0,1
12638,0.0,0
137,0.0,0
14292,0.0,0
10252,0.0,0
15540,0.0,0
3003,1.0,1
3003,1.0,0
20318,0.0,0
13154,0.0,0
14720,0.0,0
16996,0.0,0
4383,0.0,0
12978,0.0,0
1923,0.0,0
305,0.0,0
2772,0.0,0
2772,0.0,1
7671,0.0,0
15433,0.0,0
16141,0.0,0
6460,0.0,0
6436,0.0,0
1135,0.0,0
8166,0.0,0
14396,0.0,0
10256,0.0,0
17250,0.0,0
20737,0.0,0
16269,0.0,0
8791,0.0,0
21101,0.0,0
19946,0.0,0
9892,0.0,0
11922,0.0,0
5334,0.0,0
3166,1.0,1
800,0.0,0
8183,0.0,0
4834,0.0,0
3441,1.0,1
19621,0.0,0
15465,0.0,0
278,0.0,0
14907,0.0,0
13549,0.0,0
15318,0.0,0
2776,1.0,1
6110,0.0,0
17072,0.0,0
11553,0.0,0
6616,0.0,0
12183,0.0,0
17590,0.0,0
4669,0.0,0
5575,0.0,0
14287,0.0,0
7788,0.0,0
18991,0.0,0
2575,1.0,1
7757,0.0,0
8452,0.0,0
13310,0.0,0
789,1.0,1
4942,0.0,0
6453,0.0,0
6484,0.0,0
10033,0.0,0
304,0.0,0
18368,0.0,0
13184,0.0,0
19582,0.0,0
12165,0.0,0
8728,0.0,0
8716,0.0,0
13235,0.0,0
19123,0.0,0
20977,0.0,0
6496,0.0,0
16555,0.0,0
649,1.0,1
20652,0.0,0
2020,0.0,0
247,1.0,1
6720,0.0,0
13999,0.0,0
1372,0.0,0
19249,0.0,0
7119,0.0,0
8462,0.0,0
7545,0.0,0
14215,0.0,0
6046,0.0,0
18206,0.0,0
1667,0.0,0
1999,0.0,0
3550,1.0,1
3505,0.0,0
15005,0.0,0
2015,1.0,1
16998,0.0,0
13541,0.0,0
18272,0.0,0
14691,0.0,0
12119,0.0,0
2038,1.0,1
2038,1.0,0
20406,0.0,0
831,1.0,1
414,1.0,1
17397,0.0,0
1769,1.0,1
1769,1.0,0
8227,0.0,0
12929,0.0,0
18365,0.0,0
13899,0.0,0
12147,0.0,0
19805,0.0,0
20423,0.0,0
3340,1.0,1
3028,0.0,0
13198,0.0,0
18172,0.0,0
5490,0.0,0
13577,0.0,0
19932,0.0,0
3353,1.0,1
3095,0.0,0
5148,0.0,0
16239,0.0,0
18527,0.0,0
245,1.0,1
455,1.0,1
18,1.0,1
10545,0.0,0
18187,0.0,0
6391,0.0,0
3194,0.0,0
14747,0.0,0
17208,0.0,0
11230,0.0,0
14887,0.0,0
10242,0.0,0
1703,1.0,1
14508,0.0,0
6933,0.0,0
5952,0.0,0
20916,0.0,0
3050,1.0,1
13663,0.0,0
15259,0.0,0
30,1.0,1
13346,0.0,0
1556,0.0,0
1104,0.0,0
16080,0.0,0
3720,1.0,1
20058,0.0,0
19601,0.0,0
10549,0.0,0
9553,0.0,0
21175,0.0,0
20328,0.0,0
448,0.0,0
14890,0.0,0
1058,1.0,1
8207,0.0,0
11492,0.0,0
12546,0.0,0
2996,0.0,0
9551,0.0,0
1395,1.0,1
11392,0.0,0
18243,0.0,0
20502,0.0,0
15407,0.0,0
13219,0.0,0
2246,0.0,0
2246,0.0,1
8256,0.0,0
2208,0.0,0
17132,0.0,0
3160,1.0,1
1127,1.0,1
5345,0.0,0
15810,0.0,0
19919,0.0,0
8091,0.0,0
6590,0.0,0
3366,0.0,0
1561,1.0,1
17788,0.0,0
477,0.0,0
477,0.0,1
12373,0.0,0
4514,0.0,0
2804,1.0,1
19871,0.0,0
12753,0.0,0
6408,0.0,0
6626,0.0,0
9710,0.0,0
19504,0.0,0
20426,0.0,0
15993,0.0,0
5975,0.0,0
8854,0.0,0
3501,0.0,0
12975,0.0,0
19569,0.0,0
16682,0.0,0
2766,0.0,0
3041,0.0,0
3041,0.0,1
1857,0.0,0
3201,0.0,0
12452,0.0,0
19817,0.0,0
4435,0.0,0
20153,0.0,0
1211,1.0,1
11044,0.0,0
20155,0.0,0
1012,1.0,1
8039,0.0,0
793,1.0,1
20216,0.0,0
18246,0.0,0
19050,0.0,0
18163,0.0,0
2290,1.0,1
12257,0.0,0
20598,0.0,0
775,1.0,1
188,1.0,1
7678,0.0,0
494,1.0,1
839,1.0,1
2317,1.0,1
8343,0.0,0
1605,0.0,0
20108,0.0,0
13228,0.0,0
18867,0.0,0
4334,0.0,0
16543,0.0,0
18822,0.0,0
189,1.0,1
16115,0.0,0
20815,0.0,0
7535,0.0,0
17643,0.0,0
13187,0.0,0
15097,0.0,0
1375,1.0,1
6568,0.0,0
6741,0.0,0
3754,0.0,0
4119,0.0,0
19192,0.0,0
3312,1.0,1
14701,0.0,0
11998,0.0,0
3756,0.0,0
6868,0.0,0
19709,0.0,0
11633,0.0,0
7861,0.0,0
3880,0.0,0
3384,1.0,1
11441,0.0,0
2686,0.0,0
13241,0.0,0
9313,0.0,0
14110,0.0,0
12367,0.0,0
2242,0.0,0
2280,1.0,1
11499,0.0,0
8517,0.0,0
275,1.0,1
6129,0.0,0
2767,1.0,1
1242,0.0,0
19220,0.0,0
2038,0.0,1
2038,0.0,0
11065,0.0,0
17956,0.0,0
1776,1.0,1
2046,1.0,1
1247,1.0,1
16727,0.0,0
8025,0.0,0
1760,0.0,0
1256,0.0,0
19530,0.0,0
2579,0.0,0
2273,0.0,0
9210,0.0,0
3025,0.0,0
18109,0.0,0
16031,0.0,0
2056,1.0,1
481,0.0,0
16333,0.0,0
4228,0.0,0
11618,0.0,0
18090,0.0,0
7860,0.0,0
4757,0.0,0
3590,0.0,0
2374,1.0,1
13725,0.0,0
18547,0.0,0
4384,0.0,0
4013,0.0,0
10189,0.0,0
16032,0.0,0
3082,0.0,0
11397,0.0,0
2301,0.0,0
862,0.0,0
19457,0.0,0
16901,0.0,0
19806,0.0,0
10951,0.0,0
11505,0.0,0
16001,0.0,0
7557,0.0,0
18203,0.0,0
1226,0.0,0
18533,0.0,0
3912,0.0,0
21123,0.0,0
9125,0.0,0
1769,0.0,1
1769,0.0,0
10999,0.0,0
13192,0.0,0
7955,0.0,0
10584,0.0,0
12853,0.0,0
20060,0.0,0
2298,0.0,0
1351,0.0,0
6088,0.0,0
2362,1.0,1
16991,0.0,0
5245,0.0,0
988,0.0,0
19878,0.0,0
101,0.0,0
18353,0.0,0
6820,0.0,0
18495,0.0,0
2274,1.0,1
6517,0.0,0
12258,0.0,0
792,0.0,0
21350,0.0,0
555,1.0,1
17006,0.0,0
6966,0.0,0
13765,0.0,0
4398,0.0,0
714,1.0,1
10420,0.0,0
12910,0.0,0
979,1.0,1
16765,0.0,0
19172,0.0,0
6637,0.0,0
21078,0.0,0
6865,0.0,0
1759,1.0,1
114,1.0,1
9139,0.0,0
946,0.0,0
10830,0.0,0
14238,0.0,0
12077,0.0,0
119,1.0,1
10113,0.0,0
21074,0.0,0
20313,0.0,0
2716,1.0,1
7210,0.0,0
14317,0.0,0
10945,0.0,0
12349,0.0,0
5159,0.0,0
6858,0.0,0
21327,0.0,0
7649,0.0,0
14737,0.0,0
1077,0.0,0
1394,0.0,0
20199,0.0,0
15707,0.0,0
1445,1.0,1
15600,0.0,0
1149,0.0,0
1149,0.0,1
19280,0.0,0
2800,1.0,1
715,0.0,0
20213,0.0,0
15025,0.0,0
11339,0.0,0
1149,1.0,0
1149,1.0,1
1265,0.0,0
10523,0.0,0
11321,0.0,0
20903,0.0,0
2079,1.0,1
18040,0.0,0
4998,0.0,0
12500,0.0,0
3987,1.0,1
2915,1.0,1
277,1.0,1
16485,0.0,0
20860,0.0,0
18098,0.0,0
17685,0.0,0
13120,0.0,0
8925,0.0,0
17717,0.0,0
21300,0.0,0
1374,0.0,0
589,0.0,0
18543,0.0,0
20760,0.0,0
1564,0.0,0
465,0.0,0
15635,0.0,0
15828,0.0,0
11520,0.0,0
6370,0.0,0
4908,0.0,0
19768,0.0,0
582,0.0,0
21200,0.0,0
1898,0.0,0
20071,0.0,0
18168,0.0,0
3446,0.0,0
627,0.0,0
1084,0.0,0
11597,0.0,0
2340,1.0,1
2173,1.0,1
5721,0.0,0
18173,0.0,0
1888,0.0,0
10590,0.0,0
6283,0.0,0
5374,0.0,0
19003,0.0,0
14056,0.0,0
16267,0.0,0
18046,0.0,0
311,0.0,0
10381,0.0,0
3473,1.0,1
18566,0.0,0
1772,0.0,0
16860,0.0,0
10572,0.0,0
15728,0.0,0
747,0.0,0
8685,0.0,0
7868,0.0,0
8916,0.0,0
9255,0.0,0
11859,0.0,0
2249,0.0,0
14167,0.0,0
624,0.0,0
20981,0.0,0
9780,0.0,0
21034,0.0,0
2599,1.0,1
11968,0.0,0
15705,0.0,0
312,1.0,1
87,0.0,0
11497,0.0,0
12609,0.0,0
9723,0.0,0
967,0.0,0
3508,0.0,0
18924,0.0,0
3775,0.0,0
10844,0.0,0
14498,0.0,0
7478,0.0,0
13781,0.0,0
13670,0.0,0
2178,0.0,0
5320,0.0,0
16125,0.0,0
4425,0.0,0
49,1.0,1
2657,1.0,1
2058,1.0,1
9434,0.0,0
17459,0.0,0
17185,0.0,0
38,0.0,0
15126,0.0,0
10260,0.0,0
19641,0.0,0
2732,1.0,1
11975,0.0,0
1213,1.0,1
7161,0.0,0
40,1.0,1
9001,0.0,0
12362,0.0,0
5326,0.0,0
2180,1.0,1
549,0.0,0
549,0.0,1
11413,0.0,0
4042,0.0,0
4042,0.0,1
5672,0.0,0
14461,0.0,0
10306,0.0,0
2559,1.0,1
18561,0.0,0
13230,0.0,0
11586,0.0,0
7382,0.0,0
2624,1.0,1
11262,0.0,0
5094,0.0,0
18536,0.0,0
14604,0.0,0
1632,1.0,1
7152,0.0,0
307,0.0,0
6958,0.0,0
12378,0.0,0
107,1.0,1
19268,0.0,0
1755,1.0,1
15665,0.0,0
12527,0.0,0
12615,0.0,0
2399,0.0,0
18948,0.0,0
19205,0.0,0
17554,0.0,0
1784,1.0,1
14394,0.0,0
7778,0.0,0
3548,0.0,0
14116,0.0,0
15420,0.0,0
632,1.0,1
19305,0.0,0
2751,1.0,1
10102,0.0,0
2853,1.0,1
321,0.0,0
21128,0.0,0
13904,0.0,0
4042,1.0,0
4042,1.0,1
1915,1.0,1
12842,0.0,0
3258,0.0,0
2,1.0,1
6528,0.0,0
2772,1.0,0
2772,1.0,1
7358,0.0,0
7835,0.0,0
14270,0.0,0
4253,0.0,0
12453,0.0,0
42,1.0,1
3134,0.0,0
7631,0.0,0
14953,0.0,0
1553,1.0,1
14036,0.0,0
15676,0.0,0
8481,0.0,0
4801,0.0,0
13105,0.0,0
6642,0.0,0
18896,0.0,0
19139,0.0,0
960,1.0,1
11350,0.0,0
13843,0.0,0
3210,1.0,1
2844,0.0,0
2414,0.0,0
11028,0.0,0
16207,0.0,0
20072,0.0,0
3836,0.0,0
15080,0.0,0
880,0.0,0
9198,0.0,0
16396,0.0,0
17025,0.0,0
16832,0.0,0
10496,0.0,0
929,1.0,1
16155,0.0,0
8900,0.0,0
16669,0.0,0
7834,0.0,0
3106,0.0,0
5571,0.0,0
20973,0.0,0
8547,0.0,0
3301,1.0,1
10959,0.0,0
9597,0.0,0
8793,0.0,0
14993,0.0,0
14934,0.0,0
4594,0.0,0
12429,0.0,0
3677,1.0,1
2162,1.0,1
16454,0.0,0
787,0.0,0
18104,0.0,0
8584,0.0,0
7689,0.0,0
20431,0.0,0
2517,1.0,1
13878,0.0,0
9203,0.0,0
10408,0.0,0
16667,0.0,0
15704,0.0,0
9628,0.0,0
14118,0.0,0
3424,0.0,0
12709,0.0,0
3616,1.0,1
8358,0.0,0
17810,0.0,0
16278,0.0,0
1316,0.0,0
15118,0.0,0
2246,1.0,0
2246,1.0,1
20702,0.0,0
12999,0.0,0
14160,0.0,0
15942,0.0,0
11314,0.0,0
7663,0.0,0
14897,0.0,0
6261,0.0,0
326,0.0,0
20107,0.0,0
366,1.0,1
18870,0.0,0
16373,0.0,0
2143,1.0,1
763,0.0,0
11563,0.0,0
17231,0.0,0
81,1.0,1
8419,0.0,0
18486,0.0,0
10219,0.0,0
310,0.0,0
12946,0.0,0
200,0.0,0
7325,0.0,0
1089,0.0,0
3118,1.0,1
14608,0.0,0
1335,1.0,1
2252,1.0,1
2252,1.0,0
14716,0.0,0
21160,0.0,0
12832,0.0,0
2723,1.0,1
1307,0.0,0
14654,0.0,0
20751,0.0,0
11855,0.0,0
3430,1.0,1
5529,0.0,0
13292,0.0,0
8361,0.0,0
9565,0.0,0
1093,1.0,1
1093,1.0,0
2487,0.0,0
15294,0.0,0
8472,0.0,0
7948,0.0,0
276,0.0,0
4193,0.0,0
349,1.0,1
14363,0.0,0
477,1.0,0
477,1.0,1
11529,0.0,0
6465,0.0,0
1167,1.0,1
12856,0.0,0
6339,0.0,0
6922,0.0,0
15914,0.0,0
3339,1.0,1
11341,0.0,0
1205,1.0,1
16751,0.0,0
15173,0.0,0
20798,0.0,0
8238,0.0,0
18981,0.0,0
13501,0.0,0
7464,0.0,0
3359,1.0,1
16447,0.0,0
2698,1.0,1
7611,0.0,0
16483,0.0,0
15260,0.0,0
942,1.0,1
5820,0.0,0
11349,0.0,0
10704,0.0,0
10814,0.0,0
2212,0.0,0
1297,0.0,0
20802,0.0,0
18680,0.0,0
7515,0.0,0
8747,0.0,0
9283,0.0,0
18742,0.0,0
992,1.0,1
9161,0.0,0
6175,0.0,0
16026,0.0,0
19908,0.0,0
6122,0.0,0
8494,0.0,0
3890,1.0,1
5908,0.0,0
9932,0.0,0
14629,0.0,0
7538,0.0,0
20322,0.0,0
11876,0.0,0
14364,0.0,0
1668,1.0,1
16880,0.0,0
4499,0.0,0
4049,0.0,0
17688,0.0,0
8651,0.0,0
15982,0.0,0
2252,0.0,1
2252,0.0,0
2263,1.0,1
9089,0.0,0
13285,0.0,0
14410,0.0,0
3073,1.0,1
1295,0.0,0
3165,1.0,1
1708,1.0,1
4850,0.0,0
13976,0.0,0
2470,1.0,1
17523,0.0,0
17609,0.0,0
3351,0.0,0
403,0.0,0
12711,0.0,0
17964,0.0,0
20568,0.0,0
2640,0.0,0
15895,0.0,0
20442,0.0,0
8360,0.0,0
3951,1.0,1
19341,0.0,0
15643,0.0,0
1955,1.0,1
19795,0.0,0
21240,0.0,0
17326,0.0,0
121,1.0,1
17991,0.0,0
1093,0.0,1
1093,0.0,0
15285,0.0,0
2689,0.0,0
2689,0.0,1
20453,0.0,0
2241,1.0,1
18022,0.0,0
2630,0.0,0
710,1.0,1
15086,0.0,0
18207,0.0,0
1659,0.0,0
20462,0.0,0
1491,1.0,1
17477,0.0,0
21215,1.0,0
7122,0.0,0
4553,0.0,0
8242,0.0,0
15478,0.0,0
5589,0.0,0
19097,0.0,0
15620,0.0,0
20881,0.0,0
406,1.0,1
9442,0.0,0
17069,0.0,0
5174,0.0,0
17633,0.0,0
12686,0.0,0
20592,0.0,0
12598,0.0,0
14135,0.0,0
15588,0.0,0
487,0.0,0
7653,0.0,0
8928,0.0,0
18830,0.0,0
3444,1.0,1
14195,0.0,0
1479,0.0,0
21275,0.0,0
8816,0.0,0
0,0.0,0
5151,0.0,0
21338,0.0,0
20870,0.0,0
2413,1.0,1
1679,0.0,0
5775,0.0,0
3721,0.0,0
18008,0.0,0
2279,0.0,0
690,0.0,0
3401,0.0,0
10809,0.0,0
5966,0.0,0
3069,1.0,1
9580,0.0,0
18433,0.0,0
803,1.0,1
3576,0.0,0
874,1.0,1
21198,0.0,0
1719,1.0,1
13094,0.0,0
11595,0.0,0
18151,0.0,0
1343,0.0,0
15238,0.0,0
6663,0.0,0
6108,0.0,0
17406,0.0,0
3898,0.0,0
10360,0.0,0
2596,1.0,1
3056,0.0,0
4530,0.0,0
15675,0.0,0
10748,0.0,0
16814,0.0,0
18579,0.0,0
8802,0.0,0
4597,0.0,0
14040,0.0,0
2907,1.0,1
13201,0.0,0
1790,1.0,1
8375,0.0,0
3393,0.0,0
15372,0.0,0
19838,0.0,0
241,0.0,0
14892,0.0,0
12668,0.0,0
13216,0.0,0
1894,1.0,1
5162,0.0,0
6459,0.0,0
4510,0.0,0
2455,1.0,1
3284,1.0,1
3055,0.0,0
9969,0.0,0
4546,0.0,0
10725,0.0,0
20244,0.0,0
1236,0.0,0
17481,0.0,0
369,1.0,1
3183,0.0,0
3957,0.0,0
2806,0.0,0
9028,0.0,0
9905,0.0,0
12664,0.0,0
4577,0.0,0
19143,0.0,0
5558,0.0,0
20610,0.0,0
12517,0.0,0
12537,0.0,0
1602,0.0,0
21271,0.0,0
2615,0.0,0
3605,1.0,1
3838,0.0,0
5899,0.0,0
2365,1.0,1
12060,0.0,0
7694,0.0,0
1457,1.0,1
18809,0.0,0
14103,0.0,0
8347,0.0,0
6422,0.0,0
949,1.0,1
943,1.0,1
12144,0.0,0
8199,0.0,0
4755,0.0,0
11871,0.0,0
21012,0.0,0
18820,0.0,0
21080,0.0,0
20944,0.0,0
10160,0.0,0
7116,0.0,0
13996,0.0,0
10430,0.0,0
9890,0.0,0
1702,1.0,1
14025,0.0,0
15419,0.0,0
16183,0.0,0
9684,0.0,0
646,1.0,1
925,0.0,0
3233,1.0,1
21098,0.0,0
2315,0.0,0
4123,0.0,0
17743,0.0,0
9016,0.0,0
20511,0.0,0
19099,0.0,0
8797,0.0,0
2017,1.0,1
9524,0.0,0
1483,1.0,1
4466,0.0,0
6313,0.0,0
4361,0.0,0
9767,0.0,0
18666,0.0,0
3654,0.0,0
8513,0.0,0
12715,0.0,0
18778,0.0,0
12238,0.0,0
2094,1.0,1
2142,1.0,1
2391,1.0,1
8312,0.0,0
3801,1.0,1
12610,0.0,0
17744,0.0,0
20179,0.0,0
9056,0.0,0
7494,0.0,0
11434,0.0,0
15937,0.0,0
11958,0.0,0
2353,1.0,1
6098,0.0,0
20933,0.0,0
18864,0.0,0
2272,0.0,0
14936,0.0,0
3045,0.0,0
2412,0.0,0
3360,1.0,1
3694,1.0,1
7878,0.0,0
7635,0.0,0
8918,0.0,0
16342,0.0,0
10768,0.0,0
15802,0.0,0
18570,0.0,0
19970,0.0,0
17309,0.0,0
16647,0.0,0
3181,1.0,1
5112,0.0,0
5317,0.0,0
8710,0.0,0
12528,0.0,0
1182,0.0,0
15564,0.0,0
9008,0.0,0
20224,0.0,0
3334,1.0,1
613,0.0,0
3956,0.0,0
1150,1.0,1
1872,0.0,0
14371,0.0,0
125,1.0,1
18652,0.0,0
14905,0.0,0
18063,0.0,0
1743,0.0,0
13593,0.0,0
16840,0.0,0
13049,0.0,0
4955,0.0,0
3819,1.0,1
3003,0.0,1
3003,0.0,0
8076,0.0,0
20117,0.0,0
21254,0.0,0
7717,0.0,0
212,1.0,1
12941,0.0,0
6365,0.0,0
4729,0.0,0
18444,0.0,0
2427,0.0,0
391,0.0,0
1810,0.0,0
1742,1.0,1
16556,0.0,0
9945,0.0,0
14767,0.0,0
8896,0.0,0
5131,0.0,0
18021,0.0,0
19900,0.0,0
9693,0.0,0
12477,0.0,0
5508,0.0,0
15829,0.0,0
2904,0.0,0
11171,0.0,0
21416,0.0,0
12108,0.0,0
18708,0.0,0
8054,0.0,0
3506,0.0,0
14600,0.0,0
11837,0.0,0
17863,0.0,0
2659,0.0,0
6692,0.0,0
3014,1.0,1
238,1.0,1
279,1.0,1
15430,0.0,0
9309,0.0,0
1989,0.0,0
2464,1.0,1
3336,0.0,0
7820,0.0,0
14352,0.0,0
14395,0.0,0
5095,0.0,0
7041,0.0,0
13728,0.0,0
9692,0.0,0
16246,0.0,0
13034,0.0,0
1141,0.0,0
7731,0.0,0
3535,0.0,0
10490,0.0,0
9212,0.0,0
8696,0.0,0
18544,0.0,0
20226,0.0,0
6614,0.0,0
19968,0.0,0
3325,1.0,1
4090,0.0,0
806,0.0,0
806,0.0,1
13265,0.0,0
440,0.0,0
8232,0.0,0
12938,0.0,0
5394,0.0,0
18017,0.0,0
21382,0.0,0
5737,0.0,0
15393,0.0,0
143,0.0,0
17937,0.0,0
21091,0.0,0
4902,0.0,0
15197,0.0,0
18061,0.0,0
5086,0.0,0
10672,0.0,0
95,0.0,0
11573,0.0,0
7519,0.0,0
1840,1.0,1
4188,0.0,0
380,1.0,1
5715,0.0,0
11619,0.0,0
9515,0.0,0
7845,0.0,0
3308,0.0,0
15770,0.0,0
1680,1.0,1
1066,0.0,0
9660,0.0,0
6964,0.0,0
12192,0.0,0
1538,0.0,0
20188,0.0,0
7687,0.0,0
4058,0.0,0
2436,1.0,1
15236,0.0,0
4810,0.0,0
5633,0.0,0
1017,0.0,0
96,0.0,0
21143,0.0,0
15758,0.0,0
2278,0.0,0
4242,0.0,0
10419,0.0,0
1189,0.0,0
2556,0.0,0
1380,0.0,0
14637,0.0,0
2712,0.0,0
5544,0.0,0
7032,0.0,0
6876,0.0,0
17563,0.0,0
3623,0.0,0
7580,0.0,0
5130,0.0,0
17338,0.0,0
16701,0.0,0
12516,0.0,0
1691,0.0,0
399,1.0,1
3808,0.0,0
3808,0.0,1
2605,1.0,1
14109,0.0,0
11020,0.0,0
7898,0.0,0
8357,0.0,0
10109,0.0,0
20455,0.0,0
14469,0.0,0
1267,0.0,0
10475,0.0,0
10389,0.0,0
21305,0.0,0
10892,0.0,0
17216,0.0,0
16407,0.0,0
14822,0.0,0
639,1.0,1
6401,0.0,0
2394,1.0,1
19723,0.0,0
4806,0.0,0
20049,0.0,0
10893,0.0,0
8079,0.0,0
3808,1.0,0
3808,1.0,1
15254,0.0,0
14757,0.0,0
222,0.0,0
18240,0.0,0
13220,0.0,0
17075,0.0,0
17156,0.0,0
20065,0.0,0
5145,0.0,0
3840,0.0,0
7239,0.0,0
5030,0.0,0
14672,0.0,0
2348,0.0,0
163,1.0,1
8707,0.0,0
584,0.0,0
3486,1.0,1
16242,0.0,0
917,0.0,0
21310,0.0,0
13350,0.0,0
1244,0.0,0
1700,1.0,1
15476,0.0,0
5709,0.0,0
20005,0.0,0
18710,0.0,0
3822,1.0,1
15975,0.0,0
629,1.0,1
10764,0.0,0
806,1.0,0
806,1.0,1
15890,0.0,0
3517,1.0,1
13183,0.0,0
8555,0.0,0
1222,1.0,1
6892,0.0,0
19942,0.0,0
19627,0.0,0
776,1.0,1
16048,0.0,0
21005,0.0,0
1011,0.0,0
17028,0.0,0
14838,0.0,0
7808,0.0,0
75,0.0,0
7080,0.0,0
14439,0.0,0
4944,0.0,0
4644,0.0,0
15013,0.0,0
17346,0.0,0
16129,0.0,0
5970,0.0,0
8872,0.0,0
7716,0.0,0
12273,0.0,0
14619,0.0,0
6131,0.0,0
12872,0.0,0
6766,0.0,0
8735,0.0,0
18124,0.0,0
4608,0.0,0
4005,0.0,0
16426,0.0,0
16203,0.0,0
7035,0.0,0
6600,0.0,0
10849,0.0,0
3782,0.0,0
17917,0.0,0
12247,0.0,0
4979,0.0,0
3149,0.0,0
4122,0.0,0
5243,0.0,0
4360,0.0,0
20124,0.0,0
11521,0.0,0
549,1.0,0
549,1.0,1
10184,0.0,0
21147,0.0,0
6538,0.0,0
13521,0.0,0
20314,0.0,0
3909,0.0,0
9080,0.0,0
10677,0.0,0
1531,0.0,0
15164,0.0,0
10915,0.0,0
10767,0.0,0
14386,0.0,0
16769,0.0,0
1502,0.0,0
4278,0.0,0
3602,1.0,1
3460,1.0,1
17754,0.0,0
3242,0.0,0
20480,0.0,0
10554,0.0,0
3204,0.0,0
9247,0.0,0
11664,0.0,0
1128,1.0,1
2438,1.0,1
7505,0.0,0
1905,0.0,0
19679,0.0,0
1970,0.0,0
3682,0.0,0
18469,0.0,0
17533,0.0,0
2332,0.0,0
19365,0.0,0
10145,0.0,0
19705,0.0,0
3542,1.0,1
17859,0.0,0
7245,0.0,0
10369,0.0,0
18932,0.0,0
6551,0.0,0
185,0.0,0
15841,0.0,0
13264,0.0,0
9269,0.0,0
21390,0.0,0
444,0.0,0
6938,0.0,0
17877,0.0,0
20995,0.0,0
9518,0.0,0
8144,0.0,0
11302,0.0,0
343,1.0,1
14632,0.0,0
2481,0.0,0
10726,0.0,0
1952,0.0,0
10691,0.0,0
14491,0.0,0
6736,0.0,0
1218,0.0,0
2689,1.0,0
2689,1.0,1
11896,0.0,0
386,0.0,0
2251,0.0,0
7447,0.0,0
13967,0.0,0
8050,0.0,0
19250,0.0,0
17125,0.0,0
3041,1.0,0
3041,1.0,1
4313,0.0,0
16245,0.0,0
378,0.0,0
20327,0.0,0
4713,0.0,0
18300,0.0,0
12050,0.0,0
13112,0.0,0
20138,0.0,0
17676,0.0,0
9799,0.0,0
2454,1.0,1
11705,0.0,0
2425,1.0,1
1529,0.0,0
254,0.0,0
18747,0.0,0
10826,0.0,0
9396,0.0,0
14880,0.0,0
20018,0.0,0
1410,1.0,1
1281,0.0,0
18526,0.0,0
14258,0.0,0
3707,1.0,1
11410,0.0,0
3579,1.0,1
18794,0.0,0
1073,1.0,1
5335,0.0,0
20172,0.0,0
11185,0.0,0
15211,0.0,0
18373,0.0,0
13825,0.0,0
8321,0.0,0
12810,0.0,0
817,1.0,1
17579,0.0,0
120,1.0,1
1974,1.0,1
3037,1.0,1
827,1.0,1
1269,0.0,0
5819,0.0,0
569,0.0,0
1848,0.0,0
2284,1.0,1
4040,0.0,0
13443,0.0,0
11532,0.0,0
10354,0.0,0
7806,0.0,0
18998,0.0,0
15795,0.0,0
2407,1.0,1
3449,1.0,1
19299,0.0,0
16807,0.0,0
2604,0.0,0
282,0.0,0
19753,0.0,0
4965,0.0,0
10665,0.0,0
10022,0.0,0
10501,0.0,0
3860,1.0,1
225,0.0,0
7131,0.0,0
2742,0.0,0
2896,1.0,1
12958,0.0,0
19539,0.0,0
15105,0.0,0
16910,0.0,0
2611,1.0,1
1005,1.0,1
7471,0.0,0
9703,0.0,0
13176,0.0,0
623,0.0,0
8266,0.0,0
6670,0.0,0
2349,0.0,0
20278,0.0,0
2674,1.0,1
3680,0.0,0
4259,0.0,0
19145,0.0,0
14685,0.0,0
4683,0.0,0
17763,0.0,0
6557,0.0,0
1422,0.0,0
1124,1.0,1
1506,0.0,1
19349,0.0,0
4415,0.0,0
829,1.0,1
8327,0.0,0
5667,0.0,0
6389,0.0,0
17166,0.0,0
18824,0.0,0
10551,0.0,0
659,1.0,1
8160,0.0,0
443,1.0,1
10473,0.0,0
5173,0.0,0
746,1.0,1
9367,0.0,0
3926,1.0,1
2780,1.0,1
2652,0.0,0
14166,0.0,0
14711,0.0,0
5439,0.0,0
67,1.0,1
852,0.0,0
547,1.0,1
6217,0.0,0
1623,0.0,0
8627,0.0,0
18930,0.0,0
14572,0.0,0
3418,1.0,1
7781,0.0,0
16768,0.0,0
14555,0.0,0
17082,0.0,0
5428,0.0,0
13387,0.0,0
123,0.0,0
7125,0.0,0
2879,0.0,0
17700,0.0,0
5469,0.0,0
19185,0.0,0
13865,0.0,0
2039,0.0,0
9475,0.0,0
19032,0.0,0
